<?xml version="1.0" encoding="UTF-8"?>
<beans xmlns="http://www.springframework.org/schema/beans"
	xmlns:xsi="http://www.w3.org/2001/XMLSchema-instance" 
	xmlns:context="http://www.springframework.org/schema/context"
	xmlns:tx="http://www.springframework.org/schema/tx"
	xmlns:mvc="http://www.springframework.org/schema/mvc"
	xsi:schemaLocation="
http://www.springframework.org/schema/beans
http://www.springframework.org/schema/beans/spring-beans-4.0.xsd
http://www.springframework.org/schema/context
http://www.springframework.org/schema/context/spring-context-4.0.xsd
http://www.springframework.org/schema/tx
http://www.springframework.org/schema/tx/spring-tx-4.0.xsd

http://www.springframework.org/schema/mvc 
http://www.springframework.org/schema/mvc/spring-mvc-4.0.xsd">


	
	
	<context:property-placeholder location="classpath:application.properties" />
	
	<context:component-scan base-package="com.upload" />
<!--     <context:component-scan base-package="com.loanprocess.service" /> -->
	<tx:annotation-driven transaction-manager="hibernateTransactionManager"/>
	

	<bean id="jspViewResolver"
		class="org.springframework.web.servlet.view.InternalResourceViewResolver">
		<property name="viewClass" value="org.springframework.web.servlet.view.JstlView" />
		<property name="prefix" value="/WEB-INF/views" />
		<property name="suffix" value=".jsp" />
	</bean>
	
<mvc:annotation-driven>
    <mvc:message-converters>
        <bean class="org.springframework.http.converter.StringHttpMessageConverter"/>
        <bean class="org.springframework.http.converter.json.MappingJackson2HttpMessageConverter"/>
    </mvc:message-converters>
</mvc:annotation-driven>

<!-- ====== hibernate integration starts =============== -->

	<bean id="dataSource"
		class="org.springframework.jdbc.datasource.DriverManagerDataSource">
		<property name="driverClassName" value="${database.driver}" />
		<property name="url" value="${database.url}" />
		<property name="username" value="${database.user}" />
		<property name="password" value="${database.password}" />
	</bean>

	<bean id="sessionFactory"
		class="org.springframework.orm.hibernate4.LocalSessionFactoryBean">
		<property name="dataSource" ref="dataSource" />
		
		<property name="annotatedClasses">
			<list>
				
			<value>com.upload.model.UserDocument</value> 
			<value>com.upload.model.Read1</value> 
			<value>com.upload.model.Read2</value> 
			<value>com.upload.model.Read5</value> 
			<value>com.upload.model.Read31</value>
			<value>com.upload.model.OodoData</value>
				 
			</list>
		</property>
		
		<property name="hibernateProperties">
			<props>
				<prop key="hibernate.dialect">${hibernate.dialect}</prop>
				<prop key="hibernate.show_sql">${hibernate.show_sql}</prop>
				<prop key="hibernate.hbm2ddl.auto">${hibernate.hbm2ddl.auto}</prop>				
			</props>
		</property>
	</bean>

	<bean id="hibernateTransactionManager"
		class="org.springframework.orm.hibernate4.HibernateTransactionManager">
		<property name="sessionFactory" ref="sessionFactory" />
	</bean>

  <bean id="multipartResolver"
		class="org.springframework.web.multipart.commons.CommonsMultipartResolver">

		 <!-- setting maximum upload size -->
		<property name="maxUploadSize" value="1000000000" />

	</bean>

<!-- ====== hibernate integration ends =============== -->

<mvc:annotation-driven/>

	<mvc:resources mapping="/resources/**" location="/resources/" />
	
</beans>

